Age,Sex,BP,Cholesterol,Na_to_K,Drug
23,F,HIGH,HIGH,25.355,drugY
47,M,LOW,HIGH,13.093,drugX
47,M,LOW,HIGH,10.114,drugX
28,F,NORMAL,HIGH,7.798,drugX
61,F,LOW,HIGH,18.043,drugY
22,F,NORMAL,HIGH,8.607,drugX
49,F,NORMAL,HIGH,16.275,drugY
41,M,LOW,HIGH,11.037,drugX
60,M,NORMAL,HIGH,15.171,drugY
43,M,LOW,NORMAL,19.368,drugY
47,F,LOW,HIGH,11.767,drugX
34,F,HIGH,NORMAL,19.199,drugY
43,M,LOW,HIGH,15.376,drugY
74,F,LOW,HIGH,20.942,drugY
50,F,NORMAL,HIGH,12.703,drugX
16,F,HIGH,NORMAL,15.516,drugY
69,M,LOW,NORMAL,11.455,drugX
43,M,HIGH,HIGH,13.972,drugX
23,M,LOW,HIGH,7.298,drugX
32,F,HIGH,NORMAL,25.974,drugY
57,M,LOW,NORMAL,19.128,drugY
63,M,NORMAL,HIGH,25.917,drugY
47,M,LOW,NORMAL,30.568,drugY
48,F,LOW,HIGH,15.036,drugY
33,F,LOW,HIGH,33.486,drugY
28,F,HIGH,NORMAL,18.809,drugY
31,M,HIGH,HIGH,30.366,drugY
49,F,NORMAL,NORMAL,9.381,drugX
39,F,LOW,NORMAL,22.697,drugY
45,M,LOW,HIGH,17.951,drugY
18,F,NORMAL,NORMAL,8.75,drugX
74,M,HIGH,HIGH,9.567,drugY
49,M,LOW,NORMAL,11.014,drugX
65,F,HIGH,NORMAL,31.876,drugY
53,M,NORMAL,HIGH,14.133,drugX
46,M,NORMAL,NORMAL,7.285,drugX
32,M,HIGH,NORMAL,9.445,drugX
39,M,LOW,NORMAL,13.938,drugX
39,F,NORMAL,NORMAL,9.709,drugX
15,M,NORMAL,HIGH,9.084,drugX
73,F,NORMAL,HIGH,19.221,drugY
58,F,HIGH,NORMAL,14.239,drugY
50,M,NORMAL,NORMAL,15.79,drugY
23,M,NORMAL,HIGH,12.26,drugX
50,F,NORMAL,NORMAL,12.295,drugX
66,F,NORMAL,NORMAL,8.107,drugX
37,F,HIGH,HIGH,13.091,drugX
68,M,LOW,HIGH,10.291,drugX
23,M,NORMAL,HIGH,31.686,drugY
28,F,LOW,HIGH,19.796,drugY
58,F,HIGH,HIGH,19.416,drugY
67,M,NORMAL,NORMAL,10.898,drugX
62,M,LOW,NORMAL,27.183,drugY
24,F,HIGH,NORMAL,18.457,drugY
68,F,HIGH,NORMAL,10.189,drugY
26,F,LOW,HIGH,14.16,drugX
65,M,HIGH,NORMAL,11.34,drugY
40,M,HIGH,HIGH,27.826,drugY
60,M,NORMAL,NORMAL,10.091,drugX
34,M,HIGH,HIGH,18.703,drugY
38,F,LOW,NORMAL,29.875,drugY
24,M,HIGH,NORMAL,9.475,drugX
67,M,LOW,NORMAL,20.693,drugY
45,M,LOW,NORMAL,8.37,drugX
60,F,HIGH,HIGH,13.303,drugY
68,F,NORMAL,NORMAL,27.05,drugY
29,M,HIGH,HIGH,12.856,drugX
17,M,NORMAL,NORMAL,10.832,drugX
54,M,NORMAL,HIGH,24.658,drugY
18,F,HIGH,NORMAL,24.276,drugY
70,M,HIGH,HIGH,13.967,drugY
28,F,NORMAL,HIGH,19.675,drugY
24,F,NORMAL,HIGH,10.605,drugX
41,F,NORMAL,NORMAL,22.905,drugY
31,M,HIGH,NORMAL,17.069,drugY
26,M,LOW,NORMAL,20.909,drugY
36,F,HIGH,HIGH,11.198,drugX
26,F,HIGH,NORMAL,19.161,drugY
19,F,HIGH,HIGH,13.313,drugX
32,F,LOW,NORMAL,10.84,drugX
60,M,HIGH,HIGH,13.934,drugY
64,M,NORMAL,HIGH,7.761,drugX
32,F,LOW,HIGH,9.712,drugX
38,F,HIGH,NORMAL,11.326,drugX
47,F,LOW,HIGH,10.067,drugX
59,M,HIGH,HIGH,13.935,drugY
51,F,NORMAL,HIGH,13.597,drugX
69,M,LOW,HIGH,15.478,drugY
37,F,HIGH,NORMAL,23.091,drugY
50,F,NORMAL,NORMAL,17.211,drugY
62,M,NORMAL,HIGH,16.594,drugY
41,M,HIGH,NORMAL,15.156,drugY
29,F,HIGH,HIGH,29.45,drugY
42,F,LOW,NORMAL,29.271,drugY
56,M,LOW,HIGH,15.015,drugY
36,M,LOW,NORMAL,11.424,drugX
58,F,LOW,HIGH,38.247,drugY
56,F,HIGH,HIGH,25.395,drugY
20,M,HIGH,NORMAL,35.639,drugY
15,F,HIGH,NORMAL,16.725,drugY
31,M,HIGH,NORMAL,11.871,drugX
45,F,HIGH,HIGH,12.854,drugX
28,F,LOW,HIGH,13.127,drugX
56,M,NORMAL,HIGH,8.966,drugX
22,M,HIGH,NORMAL,28.294,drugY
37,M,LOW,NORMAL,8.968,drugX
22,M,NORMAL,HIGH,11.953,drugX
42,M,LOW,HIGH,20.013,drugY
72,M,HIGH,NORMAL,9.677,drugY
23,M,NORMAL,HIGH,16.85,drugY
50,M,HIGH,HIGH,7.49,drugX
47,F,NORMAL,NORMAL,6.683,drugX
35,M,LOW,NORMAL,9.17,drugX
65,F,LOW,NORMAL,13.769,drugX
20,F,NORMAL,NORMAL,9.281,drugX
51,M,HIGH,HIGH,18.295,drugY
67,M,NORMAL,NORMAL,9.514,drugX
40,F,NORMAL,HIGH,10.103,drugX
32,F,HIGH,NORMAL,10.292,drugX
61,F,HIGH,HIGH,25.475,drugY
28,M,NORMAL,HIGH,27.064,drugY
15,M,HIGH,NORMAL,17.206,drugY
34,M,NORMAL,HIGH,22.456,drugY
36,F,NORMAL,HIGH,16.753,drugY
53,F,HIGH,NORMAL,12.495,drugY
19,F,HIGH,NORMAL,25.969,drugY
66,M,HIGH,HIGH,16.347,drugY
35,M,NORMAL,NORMAL,7.845,drugX
47,M,LOW,NORMAL,33.542,drugY
32,F,NORMAL,HIGH,7.477,drugX
70,F,NORMAL,HIGH,20.489,drugY
52,M,LOW,NORMAL,32.922,drugY
49,M,LOW,NORMAL,13.598,drugX
24,M,NORMAL,HIGH,25.786,drugY
42,F,HIGH,HIGH,21.036,drugY
74,M,LOW,NORMAL,11.939,drugX
55,F,HIGH,HIGH,10.977,drugY
35,F,HIGH,HIGH,12.894,drugX
51,M,HIGH,NORMAL,11.343,drugY
69,F,NORMAL,HIGH,10.065,drugX
49,M,HIGH,NORMAL,6.269,drugX
64,F,LOW,NORMAL,25.741,drugY
60,M,HIGH,NORMAL,8.621,drugY
74,M,HIGH,NORMAL,15.436,drugY
39,M,HIGH,HIGH,9.664,drugX
61,M,NORMAL,HIGH,9.443,drugX
37,F,LOW,NORMAL,12.006,drugX
26,F,HIGH,NORMAL,12.307,drugX
61,F,LOW,NORMAL,7.34,drugX
22,M,LOW,HIGH,8.151,drugX
49,M,HIGH,NORMAL,8.7,drugX
68,M,HIGH,HIGH,11.009,drugY
55,M,NORMAL,NORMAL,7.261,drugX
72,F,LOW,NORMAL,14.642,drugX
37,M,LOW,NORMAL,16.724,drugY
49,M,LOW,HIGH,10.537,drugX
31,M,HIGH,NORMAL,11.227,drugX
53,M,LOW,HIGH,22.963,drugY
59,F,LOW,HIGH,10.444,drugX
34,F,LOW,NORMAL,12.923,drugX
30,F,NORMAL,HIGH,10.443,drugX
57,F,HIGH,NORMAL,9.945,drugY
43,M,NORMAL,NORMAL,12.859,drugX
21,F,HIGH,NORMAL,28.632,drugY
16,M,HIGH,NORMAL,19.007,drugY
38,M,LOW,HIGH,18.295,drugY
58,F,LOW,HIGH,26.645,drugY
57,F,NORMAL,HIGH,14.216,drugX
51,F,LOW,NORMAL,23.003,drugY
20,F,HIGH,HIGH,11.262,drugX
28,F,NORMAL,HIGH,12.879,drugX
45,M,LOW,NORMAL,10.017,drugX
39,F,NORMAL,NORMAL,17.225,drugY
41,F,LOW,NORMAL,18.739,drugY
42,M,HIGH,NORMAL,12.766,drugX
73,F,HIGH,HIGH,18.348,drugY
48,M,HIGH,NORMAL,10.446,drugX
25,M,NORMAL,HIGH,19.011,drugY
39,M,NORMAL,HIGH,15.969,drugY
67,F,NORMAL,HIGH,15.891,drugY
22,F,HIGH,NORMAL,22.818,drugY
59,F,NORMAL,HIGH,13.884,drugX
20,F,LOW,NORMAL,11.686,drugX
36,F,HIGH,NORMAL,15.49,drugY
18,F,HIGH,HIGH,37.188,drugY
57,F,NORMAL,NORMAL,25.893,drugY
70,M,HIGH,HIGH,9.849,drugY
47,M,HIGH,HIGH,10.403,drugX
65,M,HIGH,NORMAL,34.997,drugY
64,M,HIGH,NORMAL,20.932,drugY
58,M,HIGH,HIGH,18.991,drugY
23,M,HIGH,HIGH,8.011,drugX
72,M,LOW,HIGH,16.31,drugY
72,M,LOW,HIGH,6.769,drugX
46,F,HIGH,HIGH,34.686,drugY
56,F,LOW,HIGH,11.567,drugX
16,M,LOW,HIGH,12.006,drugX
52,M,NORMAL,HIGH,9.894,drugX
23,M,NORMAL,NORMAL,14.02,drugX
40,F,LOW,NORMAL,11.349,drugX